Seed,HumanTheme,WolfTheme
1,からあげくん,アメリカンドッグ
2,紅の豚,ルパン三世
3,コンタクトレンズ,メガネ
4,誕生日,元旦
5,博物館,動物園
6,冬休み,春休み
7,副業,アルバイト
8,風呂掃除,食器洗い
9,twitter,Line
10,水族館,動物園
11,ドラえもん,ドラミちゃん
12,ファミレス,カフェ
13,アルバイト面接,就活
14,お年玉,誕生日プレゼント
15,ガラケー,固定電話
16,太陽,月
17,マフラー,手袋
18,エレベーター,エスカレーター
19,コンビニ,スーパー
20,海,プール
21,年末,年始
22,コンタクトレンズ,メガネ
23,セロテープ,ガムテープ
24,東京タワー,スカイツリー
25,コップ,グラス
26,カブトムシ,クワガタ
27,飛行機,新幹線
28,カレー,シチュー
29,はさみ,カッター
30,テニス,卓球
31,スケート,スキー
32,りす,ハムスター
33,ぞう,きりん
34,タクシー,バス
35,セミ,鈴虫
36,扇風機,クーラー
37,ディズニーランド,ＵＳＪ
38,浮き輪,水中メガネ
39,洗濯機,食洗機
40,ブランコ,シーソー
41,水中メガネ,浮き輪
42,目玉焼き,スクランブルエッグ
43,鍋料理,おでん
44,チョコレート,キャラメル
45,コーヒー,紅茶
46,日本酒,ウィスキー
47,にんにく,しょうが
48,白菜,キャベツ
49,ゆで卵,生卵
50,かき氷,アイスクリーム
51,スイカ,メロン
52,お茶漬け,ふりかけ
53,塩,砂糖
54,りんご,梨
55,うどん,そうめん
56,Google,Yahoo
57,マクドナルド,モスバーガー
58,ロッテリア,モスバーガー
59,ガスト,サイゼリア
60,吉野家,すきや
61,docomo,softbank
62,スタバ,ドトール
63,セブンイレブン,ファミマ
64,ローソン,ファミマ
65,楽天市場,amazon
66,任天堂,ソニー
67,キリン,アサヒ
68,ポッキー,トッポ
69,アンパン,あんまん
70,幼稚園,保育園
71,ボールペン,シャープペン
72,ファミチキ,からあげくん
73,青,水色
74,ポイントカード,クレジットカード
75,色鉛筆,クレヨン
76,不倫,浮気
77,トマトパスタ,クリームパスタ
78,餃子,シューマイ
79,友達,親友
80,パチンコ,スロット
81,石鹸,ハンドソープ
82,レモン,グレープフルーツ
83,スキー,スノボー
84,コカコーラ,ペプシ
85,野球,ソフトボール
86,肉まん,ピザまん
87,ポカリスエット,アクエリアス
88,母乳,牛乳
89,パンツ,財布
90,盆踊り,ラジオ体操
91,痴漢,鬼ごっこ
92,トランクス,ブリーフ
93,おなら,しゃっくり
94,絵本,エロ本
95,幼稚園,保育園
96,バレーボール,ビーチバレー
97,野球,ソフトボール
98,リンゴ,さくらんぼ
99,埼玉県,千葉県
100,ベッド,布団
101,ポケモン,妖怪ウォッチ
102,浴衣,着物
103,テニス,卓球
104,Suica,PASMO
105,PlayStation,スーパーファミコン
106,入学式,卒業式
107,桃太郎,金太郎
108,ハロウィン,コスプレ
109,やぎ,ひつじ
110,注射,採血
111,名探偵コナン,金田一少年の事件簿
112,人狼,ワードウルフ
113,アイスクリーム,ソフトクリーム
114,パンケーキ,ホットケーキ
115,からあげくん,アメリカンドッグ
116,紅の豚,ルパン三世
117,コンタクトレンズ,メガネ
118,誕生日,元旦
119,博物館,動物園
120,冬休み,春休み
121,副業,アルバイト
122,風呂掃除,食器洗い
123,twitter,Line
124,水族館,動物園
125,ドラえもん,ドラミちゃん
126,ファミレス,カフェ
127,アルバイト面接,就活
128,お年玉,誕生日プレゼント
129,ガラケー,固定電話
130,太陽,月
131,マフラー,手袋
132,エレベーター,エスカレーター
133,コンビニ,スーパー
134,海,プール
135,年末,年始
136,コンタクトレンズ,メガネ
137,セロテープ,ガムテープ
138,東京タワー,スカイツリー
139,コップ,グラス
140,カブトムシ,クワガタ
141,飛行機,新幹線
142,カレー,シチュー
143,はさみ,カッター
144,テニス,卓球
145,スケート,スキー
146,りす,ハムスター
147,ぞう,きりん
148,タクシー,バス
149,セミ,鈴虫
150,扇風機,クーラー
151,ディズニーランド,ＵＳＪ
152,浮き輪,水中メガネ
153,洗濯機,食洗機
154,ブランコ,シーソー
155,水中メガネ,浮き輪
156,目玉焼き,スクランブルエッグ
157,鍋料理,おでん
158,チョコレート,キャラメル
159,コーヒー,紅茶
160,日本酒,ウィスキー
161,にんにく,しょうが
162,白菜,キャベツ
163,ゆで卵,生卵
164,かき氷,アイスクリーム
165,スイカ,メロン
166,お茶漬け,ふりかけ
167,塩,砂糖
168,りんご,梨
169,うどん,そうめん
170,Google,Yahoo
171,マクドナルド,モスバーガー
172,ロッテリア,モスバーガー
173,ガスト,サイゼリア
174,吉野家,すきや
175,docomo,softbank
176,スタバ,ドトール
177,セブンイレブン,ファミマ
178,ローソン,ファミマ
179,楽天市場,amazon
180,任天堂,ソニー
181,キリン,アサヒ
182,ポッキー,トッポ
183,アンパン,あんまん
184,幼稚園,保育園
185,ボールペン,シャープペン
186,ファミチキ,からあげくん
187,青,水色
188,ポイントカード,クレジットカード
189,色鉛筆,クレヨン
190,不倫,浮気
191,トマトパスタ,クリームパスタ
192,餃子,シューマイ
193,友達,親友
194,パチンコ,スロット
195,石鹸,ハンドソープ
196,レモン,グレープフルーツ
197,スキー,スノボー
198,コカコーラ,ペプシ
199,野球,ソフトボール
200,肉まん,ピザまん
201,ポカリスエット,アクエリアス
202,母乳,牛乳
203,パンツ,財布
204,盆踊り,ラジオ体操
205,痴漢,鬼ごっこ
206,トランクス,ブリーフ
207,おなら,しゃっくり
208,絵本,エロ本
209,幼稚園,保育園
210,バレーボール,ビーチバレー
211,野球,ソフトボール
212,リンゴ,さくらんぼ
213,埼玉県,千葉県
214,ベッド,布団
215,ポケモン,妖怪ウォッチ
216,浴衣,着物
217,テニス,卓球
218,Suica,PASMO
219,PlayStation,スーパーファミコン
220,入学式,卒業式
221,桃太郎,金太郎
222,ハロウィン,コスプレ
223,やぎ,ひつじ
224,注射,採血
225,名探偵コナン,金田一少年の事件簿
226,人狼,ワードウルフ
227,アイスクリーム,ソフトクリーム
228,パンケーキ,ホットケーキ
229,からあげくん,アメリカンドッグ
230,紅の豚,ルパン三世
231,コンタクトレンズ,メガネ
232,誕生日,元旦
233,博物館,動物園
234,冬休み,春休み
235,副業,アルバイト
236,風呂掃除,食器洗い
237,twitter,Line
238,水族館,動物園
239,ドラえもん,ドラミちゃん
240,ファミレス,カフェ
241,アルバイト面接,就活
242,お年玉,誕生日プレゼント
243,ガラケー,固定電話
244,太陽,月
245,マフラー,手袋
246,エレベーター,エスカレーター
247,コンビニ,スーパー
248,海,プール
249,年末,年始
250,コンタクトレンズ,メガネ
251,セロテープ,ガムテープ
252,東京タワー,スカイツリー
253,コップ,グラス
254,カブトムシ,クワガタ
255,飛行機,新幹線
256,カレー,シチュー
257,はさみ,カッター
258,テニス,卓球
259,スケート,スキー
260,りす,ハムスター
261,ぞう,きりん
262,タクシー,バス
263,セミ,鈴虫
264,扇風機,クーラー
265,ディズニーランド,ＵＳＪ
266,浮き輪,水中メガネ
267,洗濯機,食洗機
268,ブランコ,シーソー
269,水中メガネ,浮き輪
270,目玉焼き,スクランブルエッグ
271,鍋料理,おでん
272,チョコレート,キャラメル
273,コーヒー,紅茶
274,日本酒,ウィスキー
275,にんにく,しょうが
276,白菜,キャベツ
277,ゆで卵,生卵
278,かき氷,アイスクリーム
279,スイカ,メロン
280,お茶漬け,ふりかけ
281,塩,砂糖
282,りんご,梨
283,うどん,そうめん
284,Google,Yahoo
285,マクドナルド,モスバーガー
286,ロッテリア,モスバーガー
287,ガスト,サイゼリア
288,吉野家,すきや
289,docomo,softbank
290,スタバ,ドトール
291,セブンイレブン,ファミマ
292,ローソン,ファミマ
293,楽天市場,amazon
294,任天堂,ソニー
295,キリン,アサヒ
296,ポッキー,トッポ
297,アンパン,あんまん
298,幼稚園,保育園
299,ボールペン,シャープペン
300,ファミチキ,からあげくん
301,青,水色
302,ポイントカード,クレジットカード
303,色鉛筆,クレヨン
304,不倫,浮気
305,トマトパスタ,クリームパスタ
306,餃子,シューマイ
307,友達,親友
308,パチンコ,スロット
309,石鹸,ハンドソープ
310,レモン,グレープフルーツ
311,スキー,スノボー
312,コカコーラ,ペプシ
313,野球,ソフトボール
314,肉まん,ピザまん
315,ポカリスエット,アクエリアス
316,母乳,牛乳
317,パンツ,財布
318,盆踊り,ラジオ体操
319,痴漢,鬼ごっこ
320,トランクス,ブリーフ
321,おなら,しゃっくり
322,絵本,エロ本
323,幼稚園,保育園
324,バレーボール,ビーチバレー
325,野球,ソフトボール
326,リンゴ,さくらんぼ
327,埼玉県,千葉県
328,ベッド,布団
329,ポケモン,妖怪ウォッチ
330,浴衣,着物
331,テニス,卓球
332,Suica,PASMO
333,PlayStation,スーパーファミコン
334,入学式,卒業式
335,桃太郎,金太郎
336,ハロウィン,コスプレ
337,やぎ,ひつじ
338,注射,採血
339,名探偵コナン,金田一少年の事件簿
340,人狼,ワードウルフ
341,アイスクリーム,ソフトクリーム
342,パンケーキ,ホットケーキ
343,からあげくん,アメリカンドッグ
344,紅の豚,ルパン三世
345,コンタクトレンズ,メガネ
346,誕生日,元旦
347,博物館,動物園
348,冬休み,春休み
349,副業,アルバイト
350,風呂掃除,食器洗い
351,twitter,Line
352,水族館,動物園
353,ドラえもん,ドラミちゃん
354,ファミレス,カフェ
355,アルバイト面接,就活
356,お年玉,誕生日プレゼント
357,ガラケー,固定電話
358,太陽,月
359,マフラー,手袋
360,エレベーター,エスカレーター
361,コンビニ,スーパー
362,海,プール
363,年末,年始
364,コンタクトレンズ,メガネ
365,セロテープ,ガムテープ
366,東京タワー,スカイツリー
367,コップ,グラス
368,カブトムシ,クワガタ
369,飛行機,新幹線
370,カレー,シチュー
371,はさみ,カッター
372,テニス,卓球
373,スケート,スキー
374,りす,ハムスター
375,ぞう,きりん
376,タクシー,バス
377,セミ,鈴虫
378,扇風機,クーラー
379,ディズニーランド,ＵＳＪ
380,浮き輪,水中メガネ
381,洗濯機,食洗機
382,ブランコ,シーソー
383,水中メガネ,浮き輪
384,目玉焼き,スクランブルエッグ
385,鍋料理,おでん
386,チョコレート,キャラメル
387,コーヒー,紅茶
388,日本酒,ウィスキー
389,にんにく,しょうが
390,白菜,キャベツ
391,ゆで卵,生卵
392,かき氷,アイスクリーム
393,スイカ,メロン
394,お茶漬け,ふりかけ
395,塩,砂糖
396,りんご,梨
397,うどん,そうめん
398,Google,Yahoo
399,マクドナルド,モスバーガー
400,ロッテリア,モスバーガー
401,ガスト,サイゼリア
402,吉野家,すきや
403,docomo,softbank
404,スタバ,ドトール
405,セブンイレブン,ファミマ
406,ローソン,ファミマ
407,楽天市場,amazon
408,任天堂,ソニー
409,キリン,アサヒ
410,ポッキー,トッポ
411,アンパン,あんまん
412,幼稚園,保育園
413,ボールペン,シャープペン
414,ファミチキ,からあげくん
415,青,水色
416,ポイントカード,クレジットカード
417,色鉛筆,クレヨン
418,不倫,浮気
419,トマトパスタ,クリームパスタ
420,餃子,シューマイ
421,友達,親友
422,パチンコ,スロット
423,石鹸,ハンドソープ
424,レモン,グレープフルーツ
425,スキー,スノボー
426,コカコーラ,ペプシ
427,野球,ソフトボール
428,肉まん,ピザまん
429,ポカリスエット,アクエリアス
430,母乳,牛乳
431,パンツ,財布
432,盆踊り,ラジオ体操
433,痴漢,鬼ごっこ
434,トランクス,ブリーフ
435,おなら,しゃっくり
436,絵本,エロ本
437,幼稚園,保育園
438,バレーボール,ビーチバレー
439,野球,ソフトボール
440,リンゴ,さくらんぼ
441,埼玉県,千葉県
442,ベッド,布団
443,ポケモン,妖怪ウォッチ
444,浴衣,着物
445,テニス,卓球
446,Suica,PASMO
447,PlayStation,スーパーファミコン
448,入学式,卒業式
449,桃太郎,金太郎
450,ハロウィン,コスプレ
451,やぎ,ひつじ
452,注射,採血
453,名探偵コナン,金田一少年の事件簿
454,人狼,ワードウルフ
455,アイスクリーム,ソフトクリーム
456,パンケーキ,ホットケーキ
457,からあげくん,アメリカンドッグ
458,紅の豚,ルパン三世
459,コンタクトレンズ,メガネ
460,誕生日,元旦
461,博物館,動物園
462,冬休み,春休み
463,副業,アルバイト
464,風呂掃除,食器洗い
465,twitter,Line
466,水族館,動物園
467,ドラえもん,ドラミちゃん
468,ファミレス,カフェ
469,アルバイト面接,就活
470,お年玉,誕生日プレゼント
471,ガラケー,固定電話
472,太陽,月
473,マフラー,手袋
474,エレベーター,エスカレーター
475,コンビニ,スーパー
476,海,プール
477,年末,年始
478,コンタクトレンズ,メガネ
479,セロテープ,ガムテープ
480,東京タワー,スカイツリー
481,コップ,グラス
482,カブトムシ,クワガタ
483,飛行機,新幹線
484,カレー,シチュー
485,はさみ,カッター
486,テニス,卓球
487,スケート,スキー
488,りす,ハムスター
489,ぞう,きりん
490,タクシー,バス
491,セミ,鈴虫
492,扇風機,クーラー
493,ディズニーランド,ＵＳＪ
494,浮き輪,水中メガネ
495,洗濯機,食洗機
496,ブランコ,シーソー
497,水中メガネ,浮き輪
498,目玉焼き,スクランブルエッグ
499,鍋料理,おでん
500,チョコレート,キャラメル
501,コーヒー,紅茶
502,日本酒,ウィスキー
503,にんにく,しょうが
504,白菜,キャベツ
505,ゆで卵,生卵
506,かき氷,アイスクリーム
507,スイカ,メロン
508,お茶漬け,ふりかけ
509,塩,砂糖
510,りんご,梨
511,うどん,そうめん
512,Google,Yahoo
513,マクドナルド,モスバーガー
514,ロッテリア,モスバーガー
515,ガスト,サイゼリア
516,吉野家,すきや
517,docomo,softbank
518,スタバ,ドトール
519,セブンイレブン,ファミマ
520,ローソン,ファミマ
521,楽天市場,amazon
522,任天堂,ソニー
523,キリン,アサヒ
524,ポッキー,トッポ
525,アンパン,あんまん
526,幼稚園,保育園
527,ボールペン,シャープペン
528,ファミチキ,からあげくん
529,青,水色
530,ポイントカード,クレジットカード
531,色鉛筆,クレヨン
532,不倫,浮気
533,トマトパスタ,クリームパスタ
534,餃子,シューマイ
535,友達,親友
536,パチンコ,スロット
537,石鹸,ハンドソープ
538,レモン,グレープフルーツ
539,スキー,スノボー
540,コカコーラ,ペプシ
541,野球,ソフトボール
542,肉まん,ピザまん
543,ポカリスエット,アクエリアス
544,母乳,牛乳
545,パンツ,財布
546,盆踊り,ラジオ体操
547,痴漢,鬼ごっこ
548,トランクス,ブリーフ
549,おなら,しゃっくり
550,絵本,エロ本
551,幼稚園,保育園
552,バレーボール,ビーチバレー
553,野球,ソフトボール
554,リンゴ,さくらんぼ
555,埼玉県,千葉県
556,ベッド,布団
557,ポケモン,妖怪ウォッチ
558,浴衣,着物
559,テニス,卓球
560,Suica,PASMO
561,PlayStation,スーパーファミコン
562,入学式,卒業式
563,桃太郎,金太郎
564,ハロウィン,コスプレ
565,やぎ,ひつじ
566,注射,採血
567,名探偵コナン,金田一少年の事件簿
568,人狼,ワードウルフ
569,アイスクリーム,ソフトクリーム
570,パンケーキ,ホットケーキ
571,からあげくん,アメリカンドッグ
572,紅の豚,ルパン三世
573,コンタクトレンズ,メガネ
574,誕生日,元旦
575,博物館,動物園
576,冬休み,春休み
577,副業,アルバイト
578,風呂掃除,食器洗い
579,twitter,Line
580,水族館,動物園
581,ドラえもん,ドラミちゃん
582,ファミレス,カフェ
583,アルバイト面接,就活
584,お年玉,誕生日プレゼント
585,ガラケー,固定電話
586,太陽,月
587,マフラー,手袋
588,エレベーター,エスカレーター
589,コンビニ,スーパー
590,海,プール
591,年末,年始
592,コンタクトレンズ,メガネ
593,セロテープ,ガムテープ
594,東京タワー,スカイツリー
595,コップ,グラス
596,カブトムシ,クワガタ
597,飛行機,新幹線
598,カレー,シチュー
599,はさみ,カッター
600,テニス,卓球
601,スケート,スキー
602,りす,ハムスター
603,ぞう,きりん
604,タクシー,バス
605,セミ,鈴虫
606,扇風機,クーラー
607,ディズニーランド,ＵＳＪ
608,浮き輪,水中メガネ
609,洗濯機,食洗機
610,ブランコ,シーソー
611,水中メガネ,浮き輪
612,目玉焼き,スクランブルエッグ
613,鍋料理,おでん
614,チョコレート,キャラメル
615,コーヒー,紅茶
616,日本酒,ウィスキー
617,にんにく,しょうが
618,白菜,キャベツ
619,ゆで卵,生卵
620,かき氷,アイスクリーム
621,スイカ,メロン
622,お茶漬け,ふりかけ
623,塩,砂糖
624,りんご,梨
625,うどん,そうめん
626,Google,Yahoo
627,マクドナルド,モスバーガー
628,ロッテリア,モスバーガー
629,ガスト,サイゼリア
630,吉野家,すきや
631,docomo,softbank
632,スタバ,ドトール
633,セブンイレブン,ファミマ
634,ローソン,ファミマ
635,楽天市場,amazon
636,任天堂,ソニー
637,キリン,アサヒ
638,ポッキー,トッポ
639,アンパン,あんまん
640,幼稚園,保育園
641,ボールペン,シャープペン
642,ファミチキ,からあげくん
643,青,水色
644,ポイントカード,クレジットカード
645,色鉛筆,クレヨン
646,不倫,浮気
647,トマトパスタ,クリームパスタ
648,餃子,シューマイ
649,友達,親友
650,パチンコ,スロット
651,石鹸,ハンドソープ
652,レモン,グレープフルーツ
653,スキー,スノボー
654,コカコーラ,ペプシ
655,野球,ソフトボール
656,肉まん,ピザまん
657,ポカリスエット,アクエリアス
658,母乳,牛乳
659,パンツ,財布
660,盆踊り,ラジオ体操
661,痴漢,鬼ごっこ
662,トランクス,ブリーフ
663,おなら,しゃっくり
664,絵本,エロ本
665,幼稚園,保育園
666,バレーボール,ビーチバレー
667,野球,ソフトボール
668,リンゴ,さくらんぼ
669,埼玉県,千葉県
670,ベッド,布団
671,ポケモン,妖怪ウォッチ
672,浴衣,着物
673,テニス,卓球
674,Suica,PASMO
675,PlayStation,スーパーファミコン
676,入学式,卒業式
677,桃太郎,金太郎
678,ハロウィン,コスプレ
679,やぎ,ひつじ
680,注射,採血
681,名探偵コナン,金田一少年の事件簿
682,人狼,ワードウルフ
683,アイスクリーム,ソフトクリーム
684,パンケーキ,ホットケーキ
685,からあげくん,アメリカンドッグ
686,紅の豚,ルパン三世
687,コンタクトレンズ,メガネ
688,誕生日,元旦
689,博物館,動物園
690,冬休み,春休み
691,副業,アルバイト
692,風呂掃除,食器洗い
693,twitter,Line
694,水族館,動物園
695,ドラえもん,ドラミちゃん
696,ファミレス,カフェ
697,アルバイト面接,就活
698,お年玉,誕生日プレゼント
699,ガラケー,固定電話
700,太陽,月
701,マフラー,手袋
702,エレベーター,エスカレーター
703,コンビニ,スーパー
704,海,プール
705,年末,年始
706,コンタクトレンズ,メガネ
707,セロテープ,ガムテープ
708,東京タワー,スカイツリー
709,コップ,グラス
710,カブトムシ,クワガタ
711,飛行機,新幹線
712,カレー,シチュー
713,はさみ,カッター
714,テニス,卓球
715,スケート,スキー
716,りす,ハムスター
717,ぞう,きりん
718,タクシー,バス
719,セミ,鈴虫
720,扇風機,クーラー
721,ディズニーランド,ＵＳＪ
722,浮き輪,水中メガネ
723,洗濯機,食洗機
724,ブランコ,シーソー
725,水中メガネ,浮き輪
726,目玉焼き,スクランブルエッグ
727,鍋料理,おでん
728,チョコレート,キャラメル
729,コーヒー,紅茶
730,日本酒,ウィスキー
731,にんにく,しょうが
732,白菜,キャベツ
733,ゆで卵,生卵
734,かき氷,アイスクリーム
735,スイカ,メロン
736,お茶漬け,ふりかけ
737,塩,砂糖
738,りんご,梨
739,うどん,そうめん
740,Google,Yahoo
741,マクドナルド,モスバーガー
742,ロッテリア,モスバーガー
743,ガスト,サイゼリア
744,吉野家,すきや
745,docomo,softbank
746,スタバ,ドトール
747,セブンイレブン,ファミマ
748,ローソン,ファミマ
749,楽天市場,amazon
750,任天堂,ソニー
751,キリン,アサヒ
752,ポッキー,トッポ
753,アンパン,あんまん
754,幼稚園,保育園
755,ボールペン,シャープペン
756,ファミチキ,からあげくん
757,青,水色
758,ポイントカード,クレジットカード
759,色鉛筆,クレヨン
760,不倫,浮気
761,トマトパスタ,クリームパスタ
762,餃子,シューマイ
763,友達,親友
764,パチンコ,スロット
765,石鹸,ハンドソープ
766,レモン,グレープフルーツ
767,スキー,スノボー
768,コカコーラ,ペプシ
769,野球,ソフトボール
770,肉まん,ピザまん
771,ポカリスエット,アクエリアス
772,母乳,牛乳
773,パンツ,財布
774,盆踊り,ラジオ体操
775,痴漢,鬼ごっこ
776,トランクス,ブリーフ
777,おなら,しゃっくり
778,絵本,エロ本
779,幼稚園,保育園
780,バレーボール,ビーチバレー
781,野球,ソフトボール
782,リンゴ,さくらんぼ
783,埼玉県,千葉県
784,ベッド,布団
785,ポケモン,妖怪ウォッチ
786,浴衣,着物
787,テニス,卓球
788,Suica,PASMO
789,PlayStation,スーパーファミコン
790,入学式,卒業式
791,桃太郎,金太郎
792,ハロウィン,コスプレ
793,やぎ,ひつじ
794,注射,採血
795,名探偵コナン,金田一少年の事件簿
796,人狼,ワードウルフ
797,アイスクリーム,ソフトクリーム
798,パンケーキ,ホットケーキ
799,からあげくん,アメリカンドッグ
800,紅の豚,ルパン三世
801,コンタクトレンズ,メガネ
802,誕生日,元旦
803,博物館,動物園
804,冬休み,春休み
805,副業,アルバイト
806,風呂掃除,食器洗い
807,twitter,Line
808,水族館,動物園
809,ドラえもん,ドラミちゃん
810,ファミレス,カフェ
811,アルバイト面接,就活
812,お年玉,誕生日プレゼント
813,ガラケー,固定電話
814,太陽,月
815,マフラー,手袋
816,エレベーター,エスカレーター
817,コンビニ,スーパー
818,海,プール
819,年末,年始
820,コンタクトレンズ,メガネ
821,セロテープ,ガムテープ
822,東京タワー,スカイツリー
823,コップ,グラス
824,カブトムシ,クワガタ
825,飛行機,新幹線
826,カレー,シチュー
827,はさみ,カッター
828,テニス,卓球
829,スケート,スキー
830,りす,ハムスター
831,ぞう,きりん
832,タクシー,バス
833,セミ,鈴虫
834,扇風機,クーラー
835,ディズニーランド,ＵＳＪ
836,浮き輪,水中メガネ
837,洗濯機,食洗機
838,ブランコ,シーソー
839,水中メガネ,浮き輪
840,目玉焼き,スクランブルエッグ
841,鍋料理,おでん
842,チョコレート,キャラメル
843,コーヒー,紅茶
844,日本酒,ウィスキー
845,にんにく,しょうが
846,白菜,キャベツ
847,ゆで卵,生卵
848,かき氷,アイスクリーム
849,スイカ,メロン
850,お茶漬け,ふりかけ
851,塩,砂糖
852,りんご,梨
853,うどん,そうめん
854,Google,Yahoo
855,マクドナルド,モスバーガー
856,ロッテリア,モスバーガー
857,ガスト,サイゼリア
858,吉野家,すきや
859,docomo,softbank
860,スタバ,ドトール
861,セブンイレブン,ファミマ
862,ローソン,ファミマ
863,楽天市場,amazon
864,任天堂,ソニー
865,キリン,アサヒ
866,ポッキー,トッポ
867,アンパン,あんまん
868,幼稚園,保育園
869,ボールペン,シャープペン
870,ファミチキ,からあげくん
871,青,水色
872,ポイントカード,クレジットカード
873,色鉛筆,クレヨン
874,不倫,浮気
875,トマトパスタ,クリームパスタ
876,餃子,シューマイ
877,友達,親友
878,パチンコ,スロット
879,石鹸,ハンドソープ
880,レモン,グレープフルーツ
881,スキー,スノボー
882,コカコーラ,ペプシ
883,野球,ソフトボール
884,肉まん,ピザまん
885,ポカリスエット,アクエリアス
886,母乳,牛乳
887,パンツ,財布
888,盆踊り,ラジオ体操
889,痴漢,鬼ごっこ
890,トランクス,ブリーフ
891,おなら,しゃっくり
892,絵本,エロ本
893,幼稚園,保育園
894,バレーボール,ビーチバレー
895,野球,ソフトボール
896,リンゴ,さくらんぼ
897,埼玉県,千葉県
898,ベッド,布団
899,ポケモン,妖怪ウォッチ
900,浴衣,着物
901,テニス,卓球
902,Suica,PASMO
903,PlayStation,スーパーファミコン
904,入学式,卒業式
905,桃太郎,金太郎
906,ハロウィン,コスプレ
907,やぎ,ひつじ
908,注射,採血
909,名探偵コナン,金田一少年の事件簿
910,人狼,ワードウルフ
911,アイスクリーム,ソフトクリーム
912,パンケーキ,ホットケーキ
913,からあげくん,アメリカンドッグ
914,紅の豚,ルパン三世
915,コンタクトレンズ,メガネ
916,誕生日,元旦
917,博物館,動物園
918,冬休み,春休み
919,副業,アルバイト
920,風呂掃除,食器洗い
921,twitter,Line
922,水族館,動物園
923,ドラえもん,ドラミちゃん
924,ファミレス,カフェ
925,アルバイト面接,就活
926,お年玉,誕生日プレゼント
927,ガラケー,固定電話
928,太陽,月
929,マフラー,手袋
930,エレベーター,エスカレーター
931,コンビニ,スーパー
932,海,プール
933,年末,年始
934,コンタクトレンズ,メガネ
935,セロテープ,ガムテープ
936,東京タワー,スカイツリー
937,コップ,グラス
938,カブトムシ,クワガタ
939,飛行機,新幹線
940,カレー,シチュー
941,はさみ,カッター
942,テニス,卓球
943,スケート,スキー
944,りす,ハムスター
945,ぞう,きりん
946,タクシー,バス
947,セミ,鈴虫
948,扇風機,クーラー
949,ディズニーランド,ＵＳＪ
950,浮き輪,水中メガネ
951,洗濯機,食洗機
952,ブランコ,シーソー
953,水中メガネ,浮き輪
954,目玉焼き,スクランブルエッグ
955,鍋料理,おでん
956,チョコレート,キャラメル
957,コーヒー,紅茶
958,日本酒,ウィスキー
959,にんにく,しょうが
960,白菜,キャベツ
961,ゆで卵,生卵
962,かき氷,アイスクリーム
963,スイカ,メロン
964,お茶漬け,ふりかけ
965,塩,砂糖
966,りんご,梨
967,うどん,そうめん
968,Google,Yahoo
969,マクドナルド,モスバーガー
970,ロッテリア,モスバーガー
971,ガスト,サイゼリア
972,吉野家,すきや
973,docomo,softbank
974,スタバ,ドトール
975,セブンイレブン,ファミマ
976,ローソン,ファミマ
977,楽天市場,amazon
978,任天堂,ソニー
979,キリン,アサヒ
980,ポッキー,トッポ
981,アンパン,あんまん
982,幼稚園,保育園
983,ボールペン,シャープペン
984,ファミチキ,からあげくん
985,青,水色
986,ポイントカード,クレジットカード
987,色鉛筆,クレヨン
988,不倫,浮気
989,トマトパスタ,クリームパスタ
990,餃子,シューマイ
991,友達,親友
992,パチンコ,スロット
993,石鹸,ハンドソープ
994,レモン,グレープフルーツ
995,スキー,スノボー
996,コカコーラ,ペプシ
997,野球,ソフトボール
998,肉まん,ピザまん
999,ポカリスエット,アクエリアス
